"LIBRARYREFERENCE","FOOTPRINT1","FOOTPRINT2","FOOTPRINT3","FOOTPRINT4","AUTOMOTIVE","CAPACITANCE","CASE CODE (IMPERIAL)","CASE CODE (METRIC)","CASE/PACKAGE","CATEGORY","COMMENT","COMPONENTLINK2URL","CURRENT RATING","DATASHEET URL","DEPTH","FREQUENCY","GENDER","HEIGHT","IMPEDANCE","LENGTH","MANUFACTURER","MANUFACTURER PART NUMBER","MANUFACTURER URL","MAX POWER DISSIPATION","MOUNT","MOUSER DESCRIPTION","NUMBER OF CIRCUITS","NUMBER OF PINS","NUMBER OF TERMINATIONS","PACKAGE","PACKAGE REFERENCE","PACKAGEDESCRIPTION","PACKAGEREFERENCE","PACKAGEVERSION","PART NUMBER","PARTNUMBER","PITCH","POWER RATING","RESISTANCE","SERIES","TERMINATION","TEST FREQUENCY","VALUE","VOLTAGE RATING","VOLTAGE RATING (DC)","WIDTH","SHEETPART","DESIGNATOR","DESCRIPTION"
"04","SO14","","","","","","","","","","04","","","","","","","","","","","","","","","","","","","","","","","","","","","","","","","","74ACT04","","","","*","D?","04"
"06","SO14","","","","","","","","","","06","","","","","","","","","","","","","","","","","","","","","","","","","","","","","","","","74HCT06","","","","*","D?","06"
"07","SO14","","","","","","","","","","07","","","","","","","","","","","","","","","","","","","","","","","","","","","","","","","","74HCT07","","","","*","D?","07"
"138","SO16","","","","","","","","","","138","","","","","","","","","","","","","","","","","","","","","","","","","","","","","","","","74HCT138","","","","*","D?","138"
"ATXPOWER","ATXPOWER","","","","","","","","","","ATXPOWER","","","","","","","","","","","","","","","","","","","","","","","","","","","","","","","","*","","","","*","PWR?","ATXPOWER"
"BAT54C","SOT-23","","","","","","","","","","BAT54C","","","","","","","","","","","","","","","","","","","","","","","","","","","","","","","","BAT54C","","","","*","VD?","BAT54C"
"BC847","SOT-23","","","","","","","","","","BC847","","","","","","","","","","","","","","","","","","","","","","","","","","","","","","","","BC847","","","","*","VT?","BC847"
"CH340G","SOIC127P600X180-16N","","","","","","","","","","CH340G","","","","","","","","","","","","","","","","","","","None","","","","","","","","","","","","","CH340G","","","","","D?","USB Interface Integrated Circuit"
"CMP-0004-00046-1","TI-D16_N","TI-D16_L","TI-D16_M","","","","","","","","TLC7524CD","http://www.ti.com/general/docs/lit/getliterature.tsp?genericPartNumber=TLC7524&fileType=pdf","","","","","","","","","Texas Instruments","TLC7524CD","","","","","","","","","","16-Pin Plastic Small Outline, Body 9.9 x 3.9 mm, Pitch 1.27 mm","D16","4040047-6/M, 06/2011","","TLC7524CD","","","","","","","TLC7524CD","","","","","U?","8-Bit, 0.1 us MDAC, Parallel Input, Fast Control Signalling for DSP, Easy Micro Interface, 0 to 70 degC, 16-pin SOIC (D16), Green (RoHS & no Sb/Br)"
"CMP-0062-01638-4","DCY0004A_L","DCY0004A_M","DCY0004A_N","","","","","","","","LM1117MP-3.3/NOPB","","","","","","","","","","Texas Instruments","LM1117MP-3.3/NOPB","","","","","","","","","","Molded SOT-223, 6.50 x 3.56 x 1.6mm Body, 4 Lead, 2.3mm Pitch","DCY0004A","","","LM1117MP-3.3/NOPB","","","","","","","LM1117MP-3.3/NOPB","","","","","DA?","800mA Low-Dropout Linear Regulator, 4-pin SOT-223, Pb-Free"
"CMP-0062-01660-4","DCY0004A_M","DCY0004A_N","DCY0004A_L","","","","","","","","LM1117MP-2.5/NOPB","","","","","","","","","","Texas Instruments","LM1117MP-2.5/NOPB","","","","","","","","","","Molded SOT-223, 6.50 x 3.56 x 1.6mm Body, 4 Lead, 2.3mm Pitch","DCY0004A","","","LM1117MP-2.5/NOPB","","","","","","","LM1117MP-2.5/NOPB","","","","","DA?","800mA Low-Dropout Linear Regulator, 4-pin SOT-223, Pb-Free"
"CMP-0144-00216-1","TQFP100_M","TQFP100_L","TQFP100_N","","","","","","","","EPM240T100C5","","","","","","","","","","Intel Altera","EPM240T100C5","","","","","","","","","","100-Pin Plastic Thin Quad Flat Pack (TQFP100) - Wire Bond","TQFP100","ver15.1, May-2008","","","","","","","","","EPM240T100C5","","","","","U?","MAX II 3.3/2.5V CPLD, 80 IOs, 240 Logic Elements, 100-Pin Plastic TQFP, Commercial Temperature, Speed Grade 5"
"CMP-02407-004529-1","FP-CRCW0805-HPe3-IPC_A","FP-CRCW0805-HPe3-IPC_B","FP-CRCW0805-HPe3-MFG","FP-CRCW0805-HPe3-IPC_C","","","0805","2012","0805","","CRCW08051K00FKEAHP","","","","1.25mm","","","0.5mm","","2mm","Vishay Dale","CRCW08051K00FKEAHP","","","Surface Mount","","","2","","","","","","","","","","330mW","1kR","","Solder","","1k?","150V","150V","1.2mm","","R?","RES Thick Film, 1k?, 1%, 0.5W, 100ppm/°C, 0805"
"CMP-02407-005666-1","FP-CRCW0805-HPe3-IPC_B","FP-CRCW0805-HPe3-IPC_A","FP-CRCW0805-HPe3-MFG","FP-CRCW0805-HPe3-IPC_C","","","0805","2012","0805","","TNPW0805530RBETA","","","","1.25mm","","","0.024inch","","2mm","Vishay","CRCW0805560RFKEAHP","","500mW","Surface Mount","","","","2","","","","","","","","","330mW","530R","","Wraparound","","530?","150V","150V","0.049inch","","R?","RES Thick Film, 560?, 1%, 0.5W, 100ppm/°C, 0805"
"CMP-02407-008731-1","FP-CRCW0805-HPe3-IPC_A","FP-CRCW0805-HPe3-IPC_C","FP-CRCW0805-HPe3-MFG","FP-CRCW0805-HPe3-IPC_B","","","0805","2012","0805","","CRCW080547K0FKEAHP","","","","1.25mm","","","0.024inch","","2mm","Vishay","CRCW080547K0FKEAHP","","333mW","Surface Mount","","","","2","","","","","","","","","330mW","47kR","","SMD/SMT","","47k?","150V","150V","1.2mm","","R?","RES Thick Film, 47k?, 1%, 0.5W, 100ppm/°C, 0805"
"CMP-02540-000025-1","FP-6_560-5006_01-4-MFG","","","","Yes","4pF","","","","Diode","LS4148-GS08","http://www.vishay.com/docs/85561/ls4148.pdf","","","","","","1.6mm","","","Vishay Semiconductor Diodes Division","LS4148-GS08","","","","LS4148 Series 100 V 150 mA Small Signal Fast Switching Diode - QuadroMELF SOD-80","","","","6.560-5006.01-4","","","","","","","","","","","","","4pF","","","","","VD?","DIODE GEN PURP 75V 150MA SOD80"
"CMP-0318-00718-2","ST-48_N","ST-48_L","ST-48_M","","","","","","","","ADV7125KSTZ140","http://www.analog.com/static/imported-files/data_sheets/ADV7125.pdf","","","","","","","","","Analog Devices","ADV7125KSTZ140","","","","","","","","","","48-Pin Thin Quad Flat Pack 0.5 mm Pitch","ST-48","revA","","ADV7125KSTZ140","","","","","","","ADV7125KSTZ140","","","","","U?","3 Channel 8-Bit CMOS High Speed Video Digital-to-Analog Converter, -40 to +85 degC, ST-48, Pb-Free, Tray"
"CMP-03211-000130-1","FP-RN732A-MFG","FP-RN732A-IPC_C","FP-RN732A-IPC_B","FP-RN732A-IPC_A","No","","","","","Res","RN73C2A10KBTDF","https://www.te.com/commerce/DocumentDelivery/DDEController?Action=showdoc&DocId=Data+Sheet%7F1773270%7FP%7Fpdf%7FEnglish%7FENG_DS_1773270_P.pdf%7F1676162-2","","","","","","0.65mm","","","TE Connectivity","RN73C2A10KBTDF","","","","","","","","RN732A","","","","","","","","0.1W","10K?","RN73","","","10K?","100V","","","","R?","SMD Chip Resistor, Thin Film, 10K?, 100 V, 0805 [2012 Metric], 100 mW, 0.1%, RN73 Series"
"CMP-03211-002331-1","FP-RN732A-MFG","FP-RN732A-IPC_C","FP-RN732A-IPC_B","FP-RN732A-IPC_A","No","","","","","Res","RN73C2A150RBTDF","https://www.te.com/commerce/DocumentDelivery/DDEController?Action=showdoc&DocId=Data+Sheet%7F1773270%7FP%7Fpdf%7FEnglish%7FENG_DS_1773270_P.pdf%7F1676162-2","","","","","","0.65mm","","","TE Connectivity","RN73C2A150RBTDF","","","","","","","","RN732A","","","","","","","","0.1W","150?","RN73","","","150?","100V","","","","R?","SMD Chip Resistor, Thin Film, 150?, 100 V, 0805 [2012 Metric], 100 mW, 0.1%, RN73 Series"
"CMP-03211-006560-1","FP-RN732A-MFG","FP-RN732A-IPC_C","FP-RN732A-IPC_B","FP-RN732A-IPC_A","No","","","","","Res","RN73C2A75RBTDF","https://www.te.com/commerce/DocumentDelivery/DDEController?Action=showdoc&DocId=Data+Sheet%7F1773270%7FP%7Fpdf%7FEnglish%7FENG_DS_1773270_P.pdf%7F1676162-2","","","","","","0.65mm","","","TE Connectivity","RN73C2A75RBTDF","","","","","","","","RN732A","","","","","","","","0.1W","75?","RN73","","","75?","100V","","","","R?","SMD Chip Resistor, Thin Film, 75?, 100 V, 0805 [2012 Metric], 100 mW, 0.1%, RN73 Series"
"CMP-03211-008328-1","FP-RN732A-MFG","FP-RN732A-IPC_C","FP-RN732A-IPC_B","FP-RN732A-IPC_A","No","","","","","Res","RN73C2A15KBTDF","https://www.te.com/commerce/DocumentDelivery/DDEController?Action=showdoc&DocId=Data+Sheet%7F1773270%7FP%7Fpdf%7FEnglish%7FENG_DS_1773270_P.pdf%7F1676162-2","","","","","","0.65mm","","","TE Connectivity","RN73C2A15KBTDF","","","","","","","","RN732A","","","","","","","","0.1W","15K?","RN73","","","15K?","100V","","","","R?","SMD Chip Resistor, Thin Film, 15K?, 100 V, 0805 [2012 Metric], 100 mW, 0.1%, RN73 Series"
"CMP-03369-000064-1","FP-87227-8-MFG","","","","No","","","","","Conn","87227-8","https://www.te.com/usa-en/product-87227-8.datasheet.pdf","3A","","","","","0.428inch","","","TE Connectivity","87227-8","","","","Headers & Wire Housings UNSHRD VERT DUAL 16","","","","0","","","","","","","2.54mm","","","","","","HEADER 16POS 2.54MM 2ROW","","","","","J?","CONN HEADER VERT 16POS 2.54MM"
"CMP-03412-000082-1","FP-RT0805-MFG","FP-RT0805-IPC_C","FP-RT0805-IPC_B","FP-RT0805-IPC_A","No","","","","","Res","RT0805FRE07680RL","http://www.yageo.com/documents/recent/PYu-RT_1-to-0.01_RoHS_L_9.pdf","","","","","","0.6mm","","","Yageo","RT0805FRE07680RL","","","","Res Thin Film 0805 680 Ohm 1% 1/8W ±50ppm/°C Molded SMD SMD Paper T/R","","","","RT0805","","","","","","","","0.125W","680?","RT","","","680?","150V","","","","R?","RES SMD 680 OHM 1% 1/8W 0805"
"CMP-03412-025935-1","FP-RT0805-MFG","FP-RT0805-IPC_C","FP-RT0805-IPC_B","FP-RT0805-IPC_A","No","","","","","Res","RT0805FRE073K3L","http://www.yageo.com/documents/recent/PYu-RT_1-to-0.01_RoHS_L_9.pdf","","","","","","0.6mm","","","Yageo","RT0805FRE073K3L","","","","Res Thin Film 0805 3.3K Ohm 1% 1/8W ±50ppm/°C Molded SMD SMD Paper T/R","","","","RT0805","","","","","","","","0.125W","3.3K?","RT","","","3.3K?","150V","","","","R?","RES SMD 3.3K OHM 1% 1/8W 0805"
"CMP-0378-00006-1","MCHP-PLCC-NH32_L","MCHP-PLCC-NH32_N","MCHP-PLCC-NH32_M","","","","","","","","SST39SF040-70-4C-NHE","http://ww1.microchip.com/downloads/en/DeviceDoc/25022A.pdf","","","","","","","","","Microchip","SST39SF040-70-4C-NHE","","","","","","","","","","32-lead Plastic Lead Chip Carrier, 11.43 x 13.97 mm Body, 1.27 mm Pitch","PLCC-NH32","Rev. A","","SST39SF040-70-4C-NHE","","","","","","","SST39SF040-70-4C-NHE","","","","","D?","4 Mbit Multi-Purpose Flash, 4.5 to 5.5 V, 1 kHz, 0 to 70 degC, 32-pin PLCC (NH32), Tube"
"CMP-0510-00012-1","SLAB-MSOP-10_N","SLAB-MSOP-10_L","SLAB-MSOP-10_M","","","","","","","","Si5351A-B-GT","http://www.silabs.com/Support%20Documents/TechnicalDocs/Si5351.pdf","","","","","","","","","Silicon Labs","SI5351A-B-GT","","","","","","","","","","10-Pin Mini Small Outline Package, Body 3 x 3 mm, Pitch 0.5 mm","MSOP-10","","","Si5351A-B-GT","","","","","","","SI5351A-B-GT","","","","","D?","I2C-Programmable Any-Frequency CMOS Clock Generator + VCXO, 2.5 / 3.3 V, 0.008 to 160 MHz Output, -40 to 85 degC, 10-pin SOP"
"CMP-05379-000002-1","FP-D2510-6002-AR-MFG","","","","No","","","","","Conn","D2510-6002-AR","http://multimedia.3m.com/mws/media/485877O/3m-four-wall-header-d2500-series-ts-2244.pdf","1.75A","","","","","10.04mm","","","3M","D2510-6002-AR","","","","Headers & Wire Housings 10P 4WALL HEADER STRT L-PRO THRU-HOLE","","","","D2510-6002-AR","","","","","","","2.54mm","","","","","","Shrouded  HEADER 10POS 2.54MM","","","","","X?","CONN HEADER VERT 10POS 2.54MM"
"CMP-0686-00643-3","FP-BLM21-0_2-t0_85-e0_5-IPC_A","FP-BLM21-0_2-t0_85-e0_5-IPC_C","FP-BLM21-0_2-t0_85-e0_5-MFG","FP-BLM21-0_2-t0_85-e0_5-IPC_B","","","0805","2012","0805","","BLM21AG601SN1J","","600mA","","0.85mm","","","1.25mm","600R","2.2mm","Murata","BLM21AG601SN1J","","","","","1","2","","","","","","","","","","","","","Flat","100MHz","BLM21AG601SN1J","","","","","FB?","Chip Ferrite Bead, 0805, 600? @ 100MHz, 0.2?, 25%, 700mA"
"CMP-07162-000010-1","FP-MA03D-MFG","FP-MA03D-IPC_C","FP-MA03D-IPC_B","FP-MA03D-IPC_A","No","10pF","","","","Diode","BAT54C","https://media.digikey.com/pdf/Data%20Sheets/ON%20Semiconductor%20PDFs/BAT54(A,C,S).pdf","","","","","","1.2mm","","","ON Semiconductor","BAT54C","","","","","","","","MA03D","","","","","","","","","","","","","BAT54C","","","","","VD?","DIODE ARRAY SCHOTTKY 30V SOT23-3"
"CMP-07173-000101-1","FP-318-08-IPC_B","FP-318-08-MFG","FP-318-08-IPC_A","FP-318-08-IPC_C","","","","","SOT-23","","BSS138","","220mA","","","","","0.93mm","","2.92mm","ON Semiconductor / Fairchild","BSS138","","360mW","Surface Mount","","","3","","","","","","","","","","","","","SMD/SMT","","BSS138","","50V","1.3mm","","Q?","MOSFET N-CH 50V 220MA SOT-23"
"CMP-07231-003724-1","FP-CR0805-IPC_B","FP-CR0805-IPC_C","FP-CR0805-IPC_A","FP-CR0805-MFG","","","0805","2012","0805","","CR0805-JW-222ELF","","","","1.25mm","","","0.024inch","","2mm","Bourns","CR0805-JW-222ELF","","125mW","Surface Mount","","","","2","","","","","","","","","125mW","2.2kR","","SMD/SMT","","2.2k?","150V","150V","1.25mm","","R?","Thick Film Chip Resistors 0805 2.2k? 0.125W 5% 200ppm/°C"
"CMP-07231-003873-1","FP-CR0805-IPC_B","FP-CR0805-MFG","FP-CR0805-IPC_A","FP-CR0805-IPC_C","","","0805","2012","0805","","CR0805-JW-103ELF","","","","1.25mm","","","0.5mm","","2mm","Bourns","CR0805-JW-103ELF","","125mW","Surface Mount","","","2","2","","","","","","","","","125mW","10kR","","SMD/SMT","","10k?","150V","100V","1.25mm","","R?","Thick Film Chip Resistors 0805 10k? 0.125W 5% 200ppm/°C"
"CMP-07231-004348-1","FP-CR0805-IPC_C","FP-CR0805-MFG","FP-CR0805-IPC_A","FP-CR0805-IPC_B","","","0805","2012","0805","","CR0805-J/-000ELF","","","","1.25mm","","","0.5mm","","2mm","Bourns","CR0805-J/-000ELF","","125mW","Surface Mount","","","2","","","","","","","","","","125mW","0mR","","SMD/SMT","","0?","150V","150V","1.25mm","","R?","Thick Film Chip Resistors 0805 0? 0.125W 5%"
"CMP-07231-004713-1","FP-CR0805-MFG","FP-CR0805-IPC_C","FP-CR0805-IPC_B","FP-CR0805-IPC_A","","","0805","2012","0805","","CR0805-JW-472ELF","","","","1.25mm","","","0.024inch","","2mm","Bourns","CR0805-JW-472ELF","","125mW","Surface Mount","","","","2","","","","","","","","","125mW","4.7kR","","SMD/SMT","","4.7k?","150V","150V","0.049inch","","R?","Thick Film Chip Resistors 0805 4.7k? 0.125W 5% 200ppm/°C"
"CMP-08839-004390-1","FP-MCR10-MFG","FP-MCR10-IPC_A","FP-MCR10-IPC_C","FP-MCR10-IPC_B","","","0805","2012","0805","","MCR10ERTJ102","","","","","","","0.024inch","","0.079inch","Rohm","MCR10ERTJ102","","125mW","","","","","2","","","","","","","","","","1kR","MCR10","","","1k?","","150V","0.049inch","","R?","Thick Film Chip Resistor, 0805, 1k?, 5%, 200ppm/°C, 0.125W, 150V"
"CMP-10112-000010-1","FP-SOT162-1-MFG","FP-SOT162-1-IPC_C","FP-SOT162-1-IPC_B","FP-SOT162-1-IPC_A","No","","","","","IC","PCF8574T/3,518","https://www.nxp.com/docs/en/data-sheet/PCF8574_PCF8574A.pdf","","","","100kHz","","2.65mm","","","NXP Semiconductors","PCF8574T/3,518","","","","PCF8574 Series 2.5 - 6V Remote 8-bit I/O Expander for I2C-bus - SOIC-16","","","","SOT162-1","","","","","","","","","","","","","PCF8574T/3,518","","","","","U?","IC I/O EXPANDER I2C 8B 16SOIC"
"CMP-1024-00383-1","SMTC-TSW-106-07-X-S","","","","","","","","","","TSW-106-07-G-S","http://www.samtec.com/documents/webfiles/pdf/TSW_TH.PDF","","","","","","","","","Samtec","TSW-106-07-G-S","","","","","","","","","",".025[0.64] SQ. Post Terminal Strip Assembly","TSW-106-07-X-S","DM, 8/1988","","TSW-106-07-G-S","2.54 mm","","","","","","6 pin header 2.54mm","","","","","X?","0.025" SQ Post Header, Through-hole, Vertical, -55 to 125 degC, 2.54 mm Pitch, 6-Pin, Male, RoHS"
"CMP-1036-02315-3","FP-CC0805-0_85-MFG","FP-CC0805-0_85-IPC_C","FP-CC0805-0_85-IPC_B","FP-CC0805-0_85-IPC_A","No","220 pF","","","","Cap","CC0805KRX7R9BB221","http://www.yageo.com/documents/recent/UPY-GPHC_Y5V_6.3V-to-50V_8.pdf","","","","","","0.95mm","","","Yageo","CC0805KRX7R9BB221","","","","Surface Mount Ceramic Multilayer Capacitor 220pF 10% X7R 50V 0805 Paper T/R","","","","CC0805-0.85","","","","","","","","","","","","","220 pF","50 V","","","","C?","CAP CER 220PF 50V X7R 0805"
"CMP-1036-04410-2","FP-CC0805-0_85-MFG","FP-CC0805-0_85-IPC_C","FP-CC0805-0_85-IPC_B","FP-CC0805-0_85-IPC_A","No","100 nF","","","","Cap","CC0805KRX7R8BB104","http://www.yageo.com/documents/recent/UPY-GPHC_Y5V_6.3V-to-50V_8.pdf","","","","","","0.95mm","","","Yageo","CC0805KRX7R8BB104","","","","Multilayer Ceramic Capacitors MLCC - SMD/SMT 100nF 25V X7R 10%","","","","CC0805-0.85","","","","","","","","","","","","","100 nF","25 V","","","","C?","CAP CER 0.1UF 25V X7R 0805"
"CMP-1177-00027-1","INF-SOT23_N","INF-SOT23_L","INF-SOT23_M","","","","","","","","BC817K-25","http://www.infineon.com/dgdl/bc817Kseries_bc818Kseries.pdf?folderId=db3a304314dca389011545f4eb561884&fileId=db3a304314dca38901154636aab91919","","","","","","","","","Infineon","BC817K-25","","","","","","","","","","3-Pin Small Outline Transistor Package, 1.3 x 2.9 mm Body, 0.95 mm Pitch","SOT23","Apr-08","","BC817K-25","","","","","","","BC817K-25","","","","","Q?","NPN Silicon AF Transistor, 45 V VCEO, 500 mA IC, SOT23, Reel, Green"
"CMP-1326-00001-1","ABRA-AB15T-2_V","","","","","","","","","","AB15T-32.768KHZ","http://www.abracon.com/Resonators/AB15T.pdf","","","","32.768 kHz","","","","","Abracon","AB15T-32.768KHZ","","","","","","","","","","2-Pin THD, Body 5 x 1.4 mm, Pin Spacing 0.45 mm","","","","AB15T-32.768KHZ","","","","","","","32.768 kHz","","","","","Q?","Low Frequency Cylindrical Watch Crystal, 32.768 kHz, -20 to 70 degC, 2-Pin 5 x 1.4 x 1.5 mm THD, RoHS, Bulk"
"CMP-13271-001925-1","FP-CL21-IPC_C","FP-CL21-IPC_B","FP-CL21-IPC_A","","","1.5pF","0805","2012","0805","","CL21C1R5CBANNNC","","","","1.25mm","","","0.65mm","","2mm","Samsung","CL21C1R5CBANNNC","","","Surface Mount","","","","","","","","","","","","","","","","","","1.5pF","50V","50V","0.049inch","","C?","CL21 Series 0805 1.5pF 50V ±0.25pF Tolerance C0G Multilayer Ceramic Chip Capacitor"
"CMP-1502-00216-1","618015330923","","","","","","","","","","618015330923","","","https://katalog.we-online.de/em/datasheet/6180xx330923.pdf","","","Female","","","","Wurth Elektronik","618015330923","http://www.we-online.de","","","","","","","","618015330923","","","","618015330923","","","","","","","","DSUB, Angled, 15 pins","","","","","X?","Female High Density PCB Connector with Hex Screw WR-DSUB, Angled, 15 pins"
"CMP-1502-00284-1","618009231221","","","","","","","","","","618009231221","","","https://katalog.we-online.de/em/datasheet/6180xx231221.pdf","","","Male","","","","Wurth Elektronik","618009231221","http://www.we-online.de","","","","","","","","618009231221","","","","618009231221","","","","","","","","DSUB, Angled, 9 pins","","","","","X?","Male PCB Connector with Hex Screw WR-DSUB, 8.08 mm, Angled, 9 pins"
"CMP-1502-01064-1","61300411121","","","","","","","","","","61300411121","","","https://katalog.we-online.de/em/datasheet/6130xx11121.pdf","","","Male","","","","Wurth Elektronik","61300411121","http://www.we-online.de","","","","","","","","61300411121","","","","61300411121","","2.54mm","","","","","","header 4 pin 2.54mm","","","","","P?","THT Vertical Pin Header WR-PHD, Pitch 2.54 mm, Single Row, 4 pins"
"CMP-1615-00195-3","FP-D0014A-MFG","FP-D0014A-IPC_B","FP-D0014A-IPC_A","FP-D0014A-IPC_C","","","","","SOIC","","CD4069UBM","","","","","","","1.58mm","","8.65mm","Texas Instruments","CD4069UBM","","","Surface Mount","","6","14","","","","","","","","","","","","4000B","","","CD4069UBM","","","3.91mm","","D?","IC INVERTER 6CH 6-INP 14SOIC"
"CMP-1662-00011-2","CAPC3216X190X55ML30T25","CAPC3216X190X55NL30T25","CAPC3216X190X55LL30T25","","","100 uF","1206","3216","","","GRM31CR60J107ME39L","http://psearch.en.murata.com/capacitor/product/GRM31CR60J107ME39%23.pdf","","","","","","1.6 mm","","3.2 mm","Murata","GRM31CR60J107ME39L","","","Surface Mount","","","","","","","2-Pin Surface Mount Device, Body 3.2 x 1.6 mm","1206","","","GRM31CR60J107ME39L","","","","","","","100 uF","6.3 V","6.3 V","1.6 mm","","C?","Chip Capacitor, 100 uF, +/- 20%, 6.3 V, -55 to 85 degC, 1206 (3216 Metric), RoHS, Tape and Reel"
"CMP-1676-00001-5","MOLX-22-28-4033_V","","","","","","","","","","22-28-4033","http://www.molex.com/pdm_docs/sd/022284033_sd.pdf","4 A","","","","","8.38 mm","","7.62 mm","Molex","22-28-4033","","","Through Hole","","","","","","","Male Header, Pitch 2.54 mm, 1 x 3 Position, Height 8.38 mm, Tail Length 3.18 mm","22-28-4033","","","","","","","","","","header 3 pin, 2.54mm","250 V","","","","X?","Male Header, Pitch 2.54 mm, 1 x 3 Position, Height 8.38 mm, Tail Length 3.18 mm, RoHS, Bulk"
"CMP-1685-00009-2","FP-D0008A-MFG","FP-D0008A-IPC_A","FP-D0008A-IPC_B","FP-D0008A-IPC_C","","","","","SOIC","","LM358DR","","","","","","","1.58mm","","4.9mm","Texas Instruments","LM358DR","","","Surface Mount","","2","8","","","","","","","","","","","","","","","LM358DR","","","3.91mm","","D?","IC OPAMP GP 2 CIRCUIT 8SOIC"
"CMP-2000-05248-1","MOLX-502774-0891_V","","","","","","","","","Connectors,Interconnects","502774-0891","","","https://datasheet.ciiva.com/1104/1499551-1104671.pdf","","","","","","","Molex","5027740891","http://www.molex.com/","","","","","","","","","","","","","","","","","502774","","","5027740891","","","","","CD?","Micro SD Memory Card Connector, 0.5 A, 10 V (DC), -25 to 85 degC, 8-Pin SMT, RoHS, Tape and Reel"
"CMP-2000-05610-1","MOLX-47589-0001_V","","","","","","","","","","47589-0001","","1.8A","http://www.molex.com/webdocs/datasheets/pdf/en-us/0475890001_IO_CONNECTORS.pdf","","","Female","","","","Molex","47589-0001","http://www.molex.com/","","","","","","","","47589-0001","","","","","","","","","47589","","","47589-0001","30VAC","","","","X?","Right Angle Female Type AB Micro USB Connector, 30 V, 1.8 A, -30 to 85 degC, RoHS, Tape and Reel"
"CMP-2000-05926-1","STM-DO-35-2","","","","","","","","","","BAT46","","","http://www.st.com/content/ccc/resource/technical/document/datasheet/group1/11/76/e4/a3/df/07/49/14/CD00000767/files/CD00000767.pdf/jcr:content/translations/en.CD00000767.pdf","","","","","","","STMicroelectronics","BAT46","http://www.st.com/","","","","","","","","DO-35-2","","","","","","","","","","","","BAT46","","","","","D?","Small Signal Schottky Diode, 150 mA, 100 V, -65 to 125 degC, 2-Pin DO-35, RoHS, Tape and Reel"
"CMP-2000-06123-1","MURA-CSTCE_G_V","","","","","33pF","","","","CrystalsandOscillators","CSTCE12M0G55Z-R0","","","http://www.murata.com/~/media/webrenewal/support/library/catalog/products/timingdevice/ceralock/p16e.ashx","","12MHz","","0.031"(0.80mm)","30Ohm","","Murata","CSTCE12M0G55Z-R0","http://www.murata.com/","","","","","","","","CSTCE_G","","","","","","","","","CERALOCK®","","","12MHz","","","","","Q?","Ceramic Resonator, 12 MHz, +/- 0.5%, -40 to 125 degC, 3-Pin SMD, RoHS, Tape and Reel"
"CMP-2000-06794-1","3M-N2510-6002-10_V","","","","","","","","","","N2510-6002RB","","","https://datasheet.ciiva.com/11746/0900766b807b18da-11746957.pdf","","","Male","","","","3M","N2510-6002RB","http://www.3m.com/","","","","","","","","N2510-6002-10","","","","","N2510","2.54mm","","","","","","10-Pin Shrouded Header, 2.54mm","","","","","X?","Male Header, Pitch 2.54 mm, 2 x 5 Postion, Height 9.91 mm, Tail Length 2.84 mm, -55 to 105 degC, RoHS, Bulk"
"CMP-2001-03561-2","FP-RR1220-IPC_A","FP-RR1220-IPC_C","FP-RR1220-MFG","FP-RR1220-IPC_B","","","0805","2012","0805","","RR1220Q-510-D","","","","1.25mm","","","0.4mm","","2mm","Susumu","RR1220Q-510-D","","100mW","","","","2","2","","","","","","","","","100mW","51?","RR","SMD/SMT","","51?","100V","100V","1.25mm","","R?","51? ±0.5% 0.1W 1/10W Chip Resistor 0805 (2012 Metric) Thin Film"
"CMP-2001-04496-2","FP-AC0805-MFG","FP-AC0805-IPC_C","FP-AC0805-IPC_B","FP-AC0805-IPC_A","Yes","","","","","Res","AC0805FR-072K7L","http://www.yageo.com/documents/recent/PYu-AC_51_RoHS_L_6.pdf","","","","","","0.6mm","","","Yageo","AC0805FR-072K7L","","","","RES SMD 2.7K OHM 1% 1/8W 0805","","","","AC0805","","","","","","","","1/8W","2.7K?","AC","","","2.7K?","150V","","","","R?","RES SMD 2.7K OHM 1% 1/8W 0805"
"CMP-2007-03243-2","FP-C0805C-DG-MFG","FP-C0805C-DG-IPC_C","FP-C0805C-DG-IPC_B","FP-C0805C-DG-IPC_A","No","10uF","","","","Cap","C0805C106K8PACTU","https://content.kemet.com/datasheets/KEM_C1006_X5R_SMD.pdf","","","","","","1.4mm","","","Kemet","C0805C106K8PACTU","","","","CAP CER 10UF 10V X5R 0805","","","","C0805C-DG","","","","","","","","","","","","","10uF","10V","","","","C?","CAP CER 10UF 10V X5R 0805"
"CMP-2007-03346-2","FP-GCM21B-0_15-MFG","FP-GCM21B-0_15-IPC_A","FP-GCM21B-0_15-IPC_B","FP-GCM21B-0_15-IPC_C","","1uF","0805","2012","0805","","GCM21BR71E105KA56L","","","","1.25mm","","","1.25mm","","2mm","Murata","GCM21BR71E105KA56L","","","Surface Mount","","","","","","","","","","","","","","","","SMD/SMT","","1uF","25V","25V","0.049inch","","C?","Ceramic Capacitor for Automotive 1uF ±10% 25VDC X7R 0805 Embossed T/R"
"CMP-2100-03606-3","FP-CC0805-0_85-MFG","FP-CC0805-0_85-IPC_C","FP-CC0805-0_85-IPC_B","FP-CC0805-0_85-IPC_A","No","100 nF","","","","Cap","CC0805KRX7R9BB104","http://www.yageo.com/documents/recent/UPY-GPHC_Y5V_6.3V-to-50V_8.pdf","","","","","","0.95mm","","","Yageo","CC0805KRX7R9BB104","","","","Multilayer Ceramic Capacitors MLCC - SMD/SMT 100nF 50V X7R 10%","","","","CC0805-0.85","","","","","","","","","","","","","100 nF","50 V","","","","C?","CAP CER 0.1UF 50V X7R 0805"
"CMP-2100-03689-1","AVX-TAJ-B-2_M","AVX-TAJ-B-2_N","AVX-TAJ-B-2_L","","","22uF","1210","3528","1210","","TAJB226K016RNJ","","","http://datasheets.avx.com/TAJ.pdf","2.8mm","","","1.9mm","","3.5mm","AVX","TAJB226K016RNJ","http://www.avx.com/","","","","","2","","","TAJ-B-2","","","","","","","","","","SMD/SMT","","22uF","16V","16V","2.8mm","","C?","Standard Tantalum, 22 uF, +/- 10%, 16 V, -55 to 125 degC, 2-Pin SMD (1210), RoHS, Tape and Reel"
"CMP-26527-001097-1","FP-RMCF0805-IPC_B","FP-RMCF0805-MFG","FP-RMCF0805-IPC_C","FP-RMCF0805-IPC_A","","","0805","2012","0805","","RMCF0805JT33K0","","","","1.25mm","","","0.026inch","","2mm","Stackpole Electronics","RMCF0805JT33K0","","125mW","Surface Mount","","","","2","","","","","","","","","125mW","33kR","RMCF","","","33k?","","","0.049inch","","R?","33k? ±5% 0.125W 0805 Thick Film Chip Resistor AEC-Q200 compliant"
"CMP-27762-000021-1","FP-ABM8G-MFG","","","","","","","","SMD/SMT","","ABM8G-25.000MHz-B4Y-T","","","","2.5mm","25MHz","","0.039inch","","3.2mm","Abracon","ABM8G-25.000MHZ-B4Y-T","","","Surface Mount","","","4","","","","","","","","","","","","ABM8G","SMD/SMT","","25MHz","","","0.098inch","","Q?","CRYSTAL 25.0000MHZ 10PF SMD"
"EP1K50Q208","PQFP208X5","","","","","","","","","","EP1K50Q208","","","","","","","","","","","","","","","","","","","","","","","","","","","","","","","","EP1K50Q208","","","","*","D?","EP1K50Q208"
"ESP32-S3-WROOM-1","ESP32S3WROOM1","","","","","","","","","","ESP32-S3-WROOM-1","","","","","","","","","","","","","","","","","","","","","","","","","","","","","","","","ESP32-S3-WROOM-1","","","","","D?","2.4 GHz Wi­Fi (802.11 b/g/n) and Bluetooth® 5 (LE) module
Built around ESP32­S3 series of SoCs, Xtensa® dual­core 32­bit LX7 microprocessor
Flash up to 16 MB, PSRAM up to 8 MB
36 GPIOs, rich set of peripherals
Onboard PCB antenna or external antenna connector"
"FDD34M","FDD34M","","","","","","","","","","FDD34M","","","","","","","","","","","","","","","","","","","","","","","","","","","","","","","","Shrouded Header 34 pos 2.54mm 2 row","","","","*","X?","FDD34M"
"FE1.1S","TSOP64P600X160-28L","","","","","","","","","","FE1.1S","","","","","","","","","","Terminus Technology Inc","","","","","","","","","28-pin SSOP (Body Size: 10x4 mm, Pitch: 0.64mm)","","","","","","","","","","","","","FE1.1S","","","","","U?","USB 2.0 HIGH SPEED 4-PORT HUB CONTROLLER"
"JUMPER","JUMPER","JUMPER_JUMPER(Primary)","","","","","","","","","JUMPER","","","","","","","","","","","","","","","","","","","","","","","","","","","","","","","","header 2 pos 2.54mm","","","","*","J?","HLT->~IP"
"JUMPER_1","JUMPER","","","","","","","","","","JUMPER","","","","","","","","","","","","","","","","","","","","","","","","","","","","","","","","*","","","","*","J?","12V enabled"
"JUMPER_2","JUMPER","","","","","","","","","","JUMPER","","","","","","","","","","","","","","","","","","","","","","","","","","","","","","","","","","","","*","J?","Soft Reset Key"
"JUMPER_3","JUMPER","","","","","","","","","","JUMPER","","","","","","","","","","","","","","","","","","","","","","","","","","","","","","","","*","","","","*","J?","Hard Reset Key"
"KEYB-MOUSE","MDD-6FR","","","","","","","","","","KEYB-MOUSE","","","","","","","","","","","","","","","","","","","","","","","","","","","","","","","","*","","","","*","X?","KEYB-MOUSE"
"KR1818VG93","DIP40","","","","","","","","","","KR1818VG93","","","","","","","","","","","","","","","","","","","","","","","","","","","","","","","","*","","","","*","D?","KR1818VG93"
"L-CHIP","L-CHIP","","","","","","","","","","L-CHIP","","","","","","","","","","","","","","","","","","","","","","","","","","","","","","","","1uH","","","","*","L?","L-CHIP"
"LED","LED100","","","","","","","","","","LED","","","","","","","","","","","","","","","","","","","","","","","","","","","","","","","","green","","","","*","VD?","Light Emitting Diode"
"MSM5118160F-JS","SOJ42","","","","","","","","","","MSM5118160F-JS","","","","","","","","","","","","","","","","","","","","","","","","","","","","","","","","*","","","","*","RAM?","MSM5118160F-JS"
"PLB1-4I","PLB1-4I","","","","","","","","","","PLB1-4I","","","","","","","","","","","","","","","","","","","","","","","","","","","","","","","","*","","","","*","X?","PLB1-4I"
"PLB2-2","PLB2-2","","","","","","","","","","PLB2-2","","","","","","","","","","","","","","","","","","","","","","","","","","","","","","","","*","","","","*","X?","PLB2-2"
"SJ-3524-SMT-TR","SJ-3524-SMT-TR","","","","","","","","","","SJ-3524-SMT-TR","","","","","","","","","","","","","","","","","","","","","","","","","","","","","","","","","","","","","X?","Connector"
"WM8960CGEFL/RV","QFN50P500X500X90_HS-33M","","","","","","","","","","WM8960CGEFL/RV","","","","","","","","","","","","","","","","","","","","","","","","","","","","","","","","WM8960CGEFL/RV","","","","","D?","Stereo CODEC with 1W Stereo Class-D speaker Drivers"
"YM2149","DIP40","","","","","","","","","","YM2149","","","","","","","","","","","","","","","","","","","","","","","","","","","","","","","","YM2149","","","","*","D?","YM2149"
"Z84C0020FEC","QFP44X8","","","","","","","","","","Z84C0020FEC","","","","","","","","","","","","","","","","","","","","","","","","","","","","","","","","Z84C0020FEC","","","","*","D?","Z84C0020FEC"
"ZXSLOT","SLOT62_ZXSLOT(Primary)","","","","","","","","","","ZXSLOT","","","","","","","","","","","","","","","","","","","","","","","","","","","","","","","","*","","","","*","XS?","ZXSLOT"
